userFollowerCount,userFollowingCount,userBiographyLength,userMediaCount,userHasProfilPic,userIsPrivate,usernameDigitCount,usernameLength,isFake
25,1937,0.0,0,1,1,0.0,10,1.0
324,4122,0.0,0,1,0,4.0,15,1.0
15,399,0.0,0,0,0,3.0,12,1.0
14,107,0.0,1,1,0,1.0,10,1.0
264,4651,0.0,0,1,0,0.0,14,1.0
33,1470,0.0,2,1,1,4.0,13,1.0
420,4883,30.0,8,1,0,0.0,12,1.0
442,6662,0.0,396,1,0,0.0,11,1.0
816,7497,0.0,85,1,0,3.0,15,1.0
150,6631,1.0,0,1,1,3.0,8,1.0
235,7202,0.0,1,1,1,2.0,14,1.0
99,1358,0.0,1,1,0,3.0,7,1.0
59,6603,0.0,0,0,1,0.0,12,1.0
4,179,0.0,1,1,0,0.0,17,1.0
39,1022,58.0,0,0,0,3.0,30,1.0
8,23,0.0,0,0,0,0.0,10,1.0
622,364,26.0,2,0,0,0.0,9,1.0
37,207,0.0,0,0,0,0.0,15,1.0
66,244,34.0,0,0,0,0.0,11,1.0
32,4,0.0,1,1,0,2.0,10,1.0
27,354,0.0,0,1,1,4.0,10,1.0
47,106,0.0,0,0,0,3.0,11,1.0
25,136,0.0,0,0,1,2.0,8,1.0
5,243,0.0,1,0,1,0.0,12,1.0
0,848,0.0,0,0,1,4.0,9,1.0
232,6013,111.0,1,1,0,1.0,20,1.0
534,539,11.0,0,1,0,0.0,11,1.0
1,8,0.0,0,0,0,0.0,11,1.0
0,126,0.0,0,1,1,0.0,5,1.0
5,77,0.0,0,1,0,4.0,10,1.0
0,6,0.0,0,0,1,7.0,11,1.0
80,1844,16.0,1,1,1,0.0,9,1.0
87,851,53.0,0,1,0,0.0,8,1.0
29,1603,89.0,2,1,0,0.0,11,1.0
247,1749,0.0,3,1,0,4.0,10,1.0
290,2269,0.0,0,0,1,0.0,12,1.0
12,2721,16.0,1,1,1,0.0,13,1.0
46,2521,0.0,0,0,0,2.0,12,1.0
2,1973,13.0,0,0,1,1.0,11,1.0
8,1359,0.0,0,1,0,0.0,8,1.0
36,2004,10.0,6,0,1,2.0,13,1.0
37,1982,8.0,1,1,0,3.0,9,1.0
61,992,0.0,0,1,0,4.0,10,1.0
105,6802,17.0,0,1,0,0.0,6,1.0
607,7455,20.0,0,0,1,0.0,9,1.0
14,1725,0.0,0,1,1,4.0,9,1.0
69,3577,0.0,1,0,0,1.0,9,1.0
26,1919,0.0,0,0,0,0.0,12,1.0
12,1710,0.0,1,1,0,3.0,13,1.0
12,1377,0.0,0,0,0,5.0,15,1.0
51,3241,50.0,0,1,1,2.0,13,1.0
8,1709,0.0,0,1,1,2.0,7,1.0
514,1999,27.0,0,1,0,0.0,6,1.0
104,1423,53.0,0,0,0,0.0,13,1.0
83,2012,0.0,0,1,1,2.0,12,1.0
69,1374,9.0,0,1,1,1.0,7,1.0
282,2517,0.0,5,1,0,2.0,11,1.0
49,2499,23.0,1,1,0,4.0,17,1.0
14,3359,0.0,0,1,0,1.0,7,1.0
49,2987,0.0,0,0,0,0.0,8,1.0
20,3543,0.0,0,0,0,1.0,11,1.0
63,2318,0.0,0,1,0,4.0,9,1.0
5,964,0.0,1,1,0,0.0,9,1.0
58,826,0.0,0,1,0,4.0,12,1.0
110,1612,0.0,0,0,1,4.0,12,1.0
21,946,0.0,1,1,0,1.0,10,1.0
15,659,0.0,1,1,0,0.0,8,1.0
2,757,0.0,0,1,0,3.0,13,1.0
125,1396,15.0,0,1,1,2.0,12,1.0
14,3086,0.0,1,1,0,0.0,11,1.0
4,883,0.0,0,1,0,1.0,7,1.0
11,1898,37.0,0,1,1,2.0,9,1.0
3208,1911,0.0,0,0,0,5.0,15,1.0
0,2513,0.0,1,1,1,0.0,13,1.0
124,1411,85.0,0,1,1,0.0,13,1.0
441,2772,0.0,0,0,1,2.0,9,1.0
10,1768,0.0,0,0,0,4.0,14,1.0
14,1229,0.0,4,0,1,0.0,14,1.0
16,2473,0.0,0,0,0,0.0,13,1.0
22,2666,0.0,0,0,1,2.0,9,1.0
24,2503,0.0,1,1,0,4.0,9,1.0
32,2471,0.0,0,0,0,3.0,13,1.0
102,332,0.0,0,0,0,1.0,7,1.0
53,620,4.0,1,1,1,0.0,8,1.0
9,1770,0.0,0,0,0,0.0,8,1.0
12,2319,0.0,0,0,0,3.0,10,1.0
7,2116,0.0,0,0,0,2.0,12,1.0
52,2479,0.0,0,1,0,0.0,14,1.0
14,1803,0.0,0,1,0,0.0,11,1.0
22,1330,0.0,0,1,0,3.0,10,1.0
4,1546,0.0,0,0,0,0.0,11,1.0
58,2132,0.0,0,0,0,0.0,14,1.0
8,2039,0.0,0,1,0,4.0,11,1.0
22,4006,0.0,0,0,0,0.0,8,1.0
15,3949,0.0,0,0,0,2.0,13,1.0
26,3400,0.0,0,0,0,2.0,8,1.0
32,3921,70.0,0,1,0,2.0,11,1.0
34,7158,0.0,0,0,0,1.0,10,1.0
47,3999,129.0,0,1,1,0.0,12,1.0
162,171,0.0,1,0,1,0.0,15,1.0
643,2240,0.0,2,1,0,1.0,11,1.0
147,2387,0.0,0,1,0,2.0,10,1.0
35,4621,0.0,0,0,0,4.0,17,1.0
11,4677,0.0,0,0,0,3.0,8,1.0
52,4614,0.0,0,1,0,0.0,14,1.0
33,5133,0.0,2,1,0,8.0,13,1.0
29,5105,0.0,0,0,0,5.0,18,1.0
6,961,0.0,0,1,0,5.0,8,1.0
64,190,70.0,3,1,0,0.0,16,1.0
18,1741,0.0,0,0,0,0.0,11,1.0
163,6747,0.0,3,1,0,0.0,10,1.0
6,181,0.0,1,1,0,3.0,15,1.0
17,1299,0.0,1,1,0,0.0,18,1.0
16,266,0.0,0,0,0,2.0,14,1.0
153,1195,9.0,0,1,0,0.0,9,1.0
38,1678,0.0,0,0,0,5.0,19,1.0
959,2107,0.0,3,1,0,0.0,8,1.0
109,1722,0.0,8,1,1,5.0,11,1.0
129,1796,0.0,5,1,1,0.0,8,1.0
35,2553,0.0,1,1,0,0.0,21,1.0
6,866,0.0,2,0,1,0.0,10,1.0
19,4046,0.0,1,1,0,5.0,19,1.0
34,938,110.0,3,1,0,0.0,15,1.0
494,3853,0.0,1,1,0,4.0,18,1.0
30,940,24.0,3,1,0,0.0,10,1.0
26,1392,85.0,3,1,0,1.0,13,1.0
5,16,0.0,0,0,1,0.0,9,1.0
160,2246,0.0,1,1,0,3.0,10,1.0
48,179,0.0,4,1,0,0.0,8,1.0
55,776,6.0,1,1,0,0.0,11,1.0
11,159,0.0,1,0,0,3.0,14,1.0
185,1928,74.0,3,1,0,0.0,12,1.0
11,2258,0.0,3,1,0,0.0,18,1.0
29,1857,19.0,1,1,0,3.0,8,1.0
39,481,14.0,2,1,0,0.0,19,1.0
71,31,57.0,3,1,0,1.0,11,1.0
3,151,0.0,0,0,1,0.0,16,1.0
1,1807,0.0,0,0,1,2.0,12,1.0
3,76,0.0,0,1,1,2.0,12,1.0
11,76,0.0,0,0,0,2.0,13,1.0
1,67,0.0,0,0,1,0.0,8,1.0
29,41,0.0,0,0,1,0.0,9,1.0
0,3,0.0,0,0,0,3.0,10,1.0
13,114,0.0,0,0,0,4.0,9,1.0
17,183,0.0,0,0,1,1.0,10,1.0
24,696,0.0,0,0,1,0.0,9,1.0
3,157,0.0,0,0,1,4.0,9,1.0
0,54,0.0,0,0,1,0.0,11,1.0
11,344,24.0,0,0,1,4.0,9,1.0
1,282,0.0,0,0,1,0.0,15,1.0
0,577,0.0,0,0,1,0.0,14,1.0
0,434,0.0,0,0,1,0.0,12,1.0
2,57,0.0,0,0,0,2.0,10,1.0
26,142,0.0,0,0,0,0.0,9,1.0
49,111,0.0,0,0,1,5.0,10,1.0
1,127,0.0,0,1,1,0.0,10,1.0
16,486,0.0,0,1,1,0.0,13,1.0
25,322,0.0,0,1,0,0.0,8,1.0
0,194,0.0,0,1,1,0.0,9,1.0
0,174,14.0,0,1,1,1.0,9,1.0
0,524,0.0,0,1,1,0.0,6,1.0
5,460,0.0,1,1,1,1.0,7,1.0
0,753,0.0,9,1,1,0.0,13,1.0
0,140,0.0,0,1,1,2.0,7,1.0
301,7493,0.0,0,1,1,4.0,10,1.0
368,6929,0.0,2,1,0,0.0,7,1.0
80,4839,10.0,5,1,0,0.0,8,1.0
28,4518,0.0,1,1,0,2.0,6,1.0
223,1735,0.0,6,1,0,2.0,9,1.0
140,1104,0.0,3,1,0,0.0,15,1.0
85,1401,130.0,9,1,0,3.0,16,1.0
32,2184,35.0,2,1,0,2.0,18,1.0
34,3681,36.0,1,1,0,0.0,9,1.0
14,2429,0.0,1,1,0,0.0,16,1.0
11,1008,12.0,1,1,0,0.0,12,1.0
228,4956,50.0,1,1,1,3.0,9,1.0
133,145,0.0,4,1,0,0.0,15,1.0
407,3792,0.0,1,1,0,3.0,9,1.0
64,359,0.0,6,1,0,0.0,7,1.0
288,4276,0.0,1,1,0,5.0,9,1.0
307,4887,3.0,3,1,0,0.0,22,1.0
88,266,0.0,1,1,0,0.0,9,1.0
145,2291,0.0,1,0,0,7.0,15,1.0
34,219,0.0,2,0,0,0.0,20,1.0
165,618,0.0,0,1,0,0.0,8,1.0
165,752,0.0,0,0,1,3.0,8,1.0
151,1975,0.0,0,0,1,4.0,9,1.0
12,25,0.0,0,0,0,0.0,9,1.0
1338,3364,0.0,0,0,1,0.0,10,1.0
401,3796,0.0,0,0,0,3.0,10,1.0
228,1779,0.0,0,0,0,10.0,11,1.0
1127,3758,0.0,3,1,1,6.0,9,1.0
0,0,0.0,0,0,0,4.0,10,1.0
1,0,90.0,9,1,0,1.0,19,1.0
1,1,59.0,7,1,0,4.0,15,1.0
0,25,138.0,6,1,0,0.0,10,1.0
0,0,52.0,6,1,0,3.0,7,1.0
0,1,92.0,9,1,0,1.0,15,1.0
1,0,60.0,5,1,0,1.0,13,1.0
0,0,108.0,6,1,0,2.0,10,1.0
0,467,0.0,18,0,0,,16,1.0
14,611,0.0,23,0,0,,20,1.0
16,590,0.0,27,0,0,,14,1.0
10,830,0.0,30,0,0,,20,1.0
15,948,0.0,23,0,1,,11,1.0
0,703,0.0,25,0,1,,17,1.0
5,764,0.0,29,0,1,,14,1.0
9,306,0.0,15,1,1,,9,1.0
1,853,0.0,19,1,1,,11,1.0
7,722,0.0,19,0,0,,20,1.0
7,916,0.0,24,0,1,,11,1.0
11,623,0.0,25,0,1,,9,1.0
9,458,0.0,21,0,0,,18,1.0
3,531,0.0,17,0,1,,8,1.0
13,817,0.0,19,0,0,,8,1.0
2,845,0.0,28,0,0,,18,1.0
14,570,0.0,21,0,0,,19,1.0
18,971,0.0,21,1,0,,17,1.0
5,336,0.0,19,0,0,,11,1.0
4,656,0.0,15,1,0,,19,1.0
5,385,0.0,21,0,0,,16,1.0
14,695,0.0,30,0,1,,10,1.0
2,729,0.0,23,1,0,,18,1.0
10,768,0.0,19,0,0,,17,1.0
2,744,0.0,27,1,0,,10,1.0
16,990,0.0,23,0,1,,18,1.0
7,668,0.0,27,0,0,,18,1.0
15,855,0.0,28,0,0,,14,1.0
4,938,0.0,24,1,1,,11,1.0
2,617,0.0,20,0,0,,13,1.0
6,401,0.0,23,1,0,,18,1.0
15,336,0.0,17,1,1,,10,1.0
19,455,0.0,29,1,0,,9,1.0
14,858,0.0,20,0,0,,20,1.0
8,854,0.0,21,0,0,,9,1.0
2,820,0.0,29,0,0,,12,1.0
12,870,0.0,17,0,1,,10,1.0
12,803,0.0,16,0,0,,15,1.0
1,666,0.0,26,0,1,,11,1.0
6,618,0.0,23,0,0,,20,1.0
6,597,0.0,19,0,1,,12,1.0
4,424,0.0,30,0,1,,13,1.0
0,427,0.0,21,0,0,,8,1.0
18,526,0.0,29,0,1,,14,1.0
1,397,0.0,25,0,0,,19,1.0
5,580,0.0,28,0,0,,8,1.0
1,649,0.0,30,1,0,,11,1.0
19,428,0.0,27,0,0,,13,1.0
1,862,0.0,27,0,0,,14,1.0
19,936,0.0,16,1,0,,20,1.0
16,625,0.0,18,1,0,,9,1.0
2,423,0.0,16,0,0,,13,1.0
11,993,0.0,26,0,0,,12,1.0
14,491,0.0,28,0,0,,16,1.0
11,463,0.0,25,1,1,,14,1.0
19,951,0.0,23,0,1,,17,1.0
19,404,0.0,21,1,0,,9,1.0
19,460,0.0,23,0,0,,11,1.0
5,727,0.0,27,0,0,,10,1.0
1,487,0.0,25,0,0,,18,1.0
3,460,0.0,18,1,1,,11,1.0
20,439,0.0,28,0,1,,15,1.0
13,557,0.0,28,1,0,,8,1.0
3,906,0.0,29,0,0,,12,1.0
3,682,0.0,24,0,1,,14,1.0
7,842,0.0,18,1,0,,19,1.0
17,815,0.0,28,0,1,,20,1.0
15,683,0.0,21,0,1,,16,1.0
6,945,0.0,18,0,0,,15,1.0
5,334,0.0,20,0,1,,18,1.0
15,305,0.0,29,0,1,,18,1.0
17,836,0.0,18,0,0,,15,1.0
3,548,0.0,15,1,0,,18,1.0
4,667,0.0,29,0,0,,9,1.0
20,483,0.0,18,0,0,,8,1.0
4,344,0.0,18,0,0,,20,1.0
10,601,0.0,15,0,0,,20,1.0
8,358,0.0,30,0,0,,19,1.0
12,323,0.0,21,0,1,,8,1.0
4,700,0.0,30,0,0,,9,1.0
1,375,0.0,26,1,1,,16,1.0
7,835,0.0,17,1,0,,10,1.0
19,964,0.0,30,0,0,,16,1.0
13,386,0.0,24,0,0,,20,1.0
19,765,0.0,20,1,0,,15,1.0
5,899,0.0,27,0,1,,9,1.0
9,602,0.0,15,0,1,,18,1.0
4,785,0.0,18,0,0,,14,1.0
16,570,0.0,17,1,0,,12,1.0
20,697,0.0,22,0,1,,18,1.0
16,990,0.0,15,0,0,,18,1.0
2,367,0.0,16,0,0,,20,1.0
9,932,0.0,23,0,0,,8,1.0
17,990,0.0,25,1,0,,14,1.0
14,849,0.0,17,0,0,,18,1.0
10,477,0.0,15,0,0,,16,1.0
12,397,0.0,17,0,0,,19,1.0
5,714,0.0,27,0,1,,11,1.0
9,565,0.0,25,0,0,,13,1.0
18,834,0.0,26,0,0,,20,1.0
258,238,0.0,0,1,0,0.0,10,0.0
263,482,30.0,29,1,1,0.0,8,0.0
51,78,9.0,0,1,1,0.0,10,0.0
297,480,22.0,25,1,1,2.0,9,0.0
113,242,0.0,95,1,1,0.0,10,0.0
545,995,26.0,340,1,1,0.0,8,0.0
52,121,0.0,30,1,1,0.0,9,0.0
1038,6640,0.0,156,1,0,0.0,12,0.0
172,227,51.0,10,1,0,0.0,10,0.0
101,114,14.0,4,1,1,0.0,15,0.0
250,247,31.0,4,1,0,0.0,7,0.0
413,677,0.0,38,1,1,0.0,15,0.0
172,187,1.0,7,1,1,0.0,10,0.0
337,455,0.0,2,1,1,0.0,14,0.0
114,155,29.0,8,1,1,2.0,12,0.0
174,165,0.0,76,1,1,1.0,9,0.0
372,362,36.0,13,1,1,0.0,7,0.0
338,330,41.0,17,1,0,0.0,12,0.0
2207,593,47.0,198,1,0,0.0,15,0.0
449,410,19.0,19,1,1,0.0,8,0.0
594,863,105.0,276,1,1,0.0,9,0.0
679,764,23.0,39,1,1,0.0,11,0.0
569,539,41.0,95,1,1,0.0,11,0.0
540,543,0.0,73,1,1,0.0,12,0.0
441,368,25.0,30,1,1,0.0,8,0.0
570,455,37.0,120,1,1,0.0,10,0.0
368,1114,16.0,69,1,0,0.0,8,0.0
634,648,59.0,21,1,0,0.0,9,0.0
687,539,18.0,78,1,0,0.0,9,0.0
579,413,36.0,221,1,0,0.0,11,0.0
752,726,0.0,312,1,1,0.0,12,0.0
861,686,0.0,323,1,0,0.0,9,0.0
535,368,122.0,49,1,1,0.0,18,0.0
1872,1806,39.0,374,1,1,0.0,11,0.0
257,149,33.0,39,1,0,0.0,7,0.0
3140,496,63.0,807,1,1,0.0,5,0.0
491,745,0.0,373,1,1,3.0,16,0.0
434,528,23.0,93,1,1,0.0,9,0.0
1073,837,0.0,49,1,1,0.0,14,0.0
1532,1431,57.0,313,1,1,0.0,11,0.0
737,875,87.0,53,1,0,0.0,10,0.0
335,353,26.0,2,1,1,0.0,14,0.0
399,364,47.0,9,1,1,0.0,16,0.0
310,330,0.0,0,1,1,1.0,5,0.0
392,379,21.0,8,1,0,0.0,13,0.0
163,186,0.0,0,1,1,0.0,8,0.0
642,707,8.0,10,1,1,0.0,12,0.0
594,800,28.0,21,1,1,0.0,12,0.0
295,302,11.0,2,1,1,0.0,11,0.0
377,539,76.0,40,1,0,0.0,11,0.0
345,393,0.0,2,1,1,0.0,8,0.0
667,660,0.0,20,1,1,0.0,7,0.0
347,610,44.0,14,1,1,2.0,14,0.0
340,378,27.0,9,1,1,0.0,12,0.0
1136,976,110.0,188,1,1,0.0,10,0.0
206,201,10.0,16,1,1,0.0,9,0.0
873,913,66.0,52,1,1,1.0,15,0.0
289,224,59.0,10,1,1,0.0,16,0.0
510,594,0.0,25,1,1,0.0,11,0.0
804,648,2.0,29,1,1,0.0,13,0.0
542,531,41.0,78,1,1,0.0,14,0.0
516,555,57.0,39,1,1,0.0,12,0.0
472,431,32.0,59,1,1,0.0,9,0.0
138,124,10.0,2,1,1,0.0,13,0.0
201,317,79.0,14,1,1,0.0,8,0.0
234,242,4.0,11,1,1,0.0,11,0.0
302,306,27.0,37,1,1,0.0,11,0.0
586,779,0.0,88,1,0,0.0,9,0.0
260,410,0.0,3,1,1,0.0,7,0.0
377,508,0.0,25,1,1,0.0,10,0.0
561,508,45.0,114,1,0,0.0,9,0.0
720,643,16.0,93,1,1,0.0,13,0.0
413,677,0.0,38,1,1,0.0,15,0.0
415,416,67.0,45,1,1,0.0,9,0.0
247,289,35.0,70,1,1,0.0,14,0.0
321,391,0.0,1,1,1,0.0,12,0.0
847,652,6.0,83,1,0,0.0,7,0.0
312,323,22.0,12,1,1,0.0,7,0.0
535,426,13.0,60,1,0,0.0,12,0.0
323,326,28.0,8,1,1,0.0,9,0.0
521,1282,0.0,156,1,1,0.0,13,0.0
258,286,24.0,5,1,1,0.0,9,0.0
306,329,128.0,11,1,1,0.0,9,0.0
256,307,6.0,12,1,1,0.0,11,0.0
346,303,14.0,16,1,0,0.0,11,0.0
300,267,15.0,22,1,0,0.0,10,0.0
230,230,8.0,2,1,1,0.0,12,0.0
516,538,10.0,20,1,1,0.0,14,0.0
257,254,76.0,26,1,1,0.0,7,0.0
334,411,40.0,21,1,0,0.0,16,0.0
195,396,27.0,31,1,1,0.0,14,0.0
740,940,53.0,483,1,1,0.0,9,0.0
340,343,0.0,8,1,1,0.0,11,0.0
404,461,0.0,1,1,0,0.0,15,0.0
197,320,0.0,9,1,1,0.0,10,0.0
474,410,74.0,33,1,1,0.0,14,0.0
213,153,19.0,209,1,1,0.0,8,0.0
936,706,35.0,61,1,1,1.0,16,0.0
207,196,0.0,7,1,1,0.0,11,0.0
77,92,0.0,0,1,1,0.0,10,0.0
453,528,24.0,75,1,1,0.0,15,0.0
293,339,12.0,92,1,1,0.0,10,0.0
473,497,8.0,16,1,1,0.0,12,0.0
379,436,7.0,56,1,1,0.0,12,0.0
642,776,85.0,236,1,1,4.0,15,0.0
350,393,26.0,19,1,1,0.0,8,0.0
167,184,33.0,10,1,1,2.0,10,0.0
301,444,81.0,60,1,1,0.0,6,0.0
536,504,74.0,134,1,1,0.0,15,0.0
374,311,0.0,23,1,1,0.0,10,0.0
342,343,50.0,56,1,1,2.0,6,0.0
673,587,41.0,11,1,1,0.0,11,0.0
426,486,60.0,110,1,0,0.0,12,0.0
593,923,13.0,34,1,1,0.0,9,0.0
313,280,0.0,13,1,0,0.0,15,0.0
292,447,0.0,47,1,1,0.0,10,0.0
95,106,0.0,0,1,1,0.0,7,0.0
186,217,14.0,5,1,0,0.0,12,0.0
275,602,43.0,25,1,1,0.0,8,0.0
96,174,0.0,1,0,1,0.0,15,0.0
322,1496,0.0,53,0,1,4.0,10,0.0
371,376,0.0,3,1,1,0.0,6,0.0
153,180,17.0,6,1,1,0.0,11,0.0
585,576,0.0,43,1,1,0.0,12,0.0
486,578,0.0,3,1,0,4.0,17,0.0
402,524,3.0,79,1,1,0.0,8,0.0
527,527,25.0,10,1,1,4.0,10,0.0
237,283,0.0,0,1,1,0.0,10,0.0
321,330,32.0,8,1,1,0.0,6,0.0
274,267,19.0,3,1,1,0.0,10,0.0
262,522,0.0,11,1,0,2.0,11,0.0
109,115,0.0,0,1,1,0.0,18,0.0
425,477,4.0,137,1,1,0.0,11,0.0
36,315,10.0,0,1,0,0.0,11,0.0
1206,962,0.0,141,1,1,0.0,11,0.0
156,199,42.0,2,1,0,0.0,11,0.0
284,361,45.0,41,1,1,0.0,19,0.0
225,446,0.0,53,1,0,0.0,11,0.0
346,390,14.0,8,1,1,0.0,9,0.0
339,378,61.0,1,1,1,0.0,15,0.0
760,577,20.0,15,1,0,0.0,9,0.0
218,221,10.0,8,1,1,0.0,15,0.0
319,328,23.0,6,1,1,0.0,11,0.0
507,493,59.0,25,1,1,0.0,12,0.0
562,691,18.0,21,1,1,0.0,12,0.0
524,510,0.0,18,1,1,0.0,9,0.0
252,579,0.0,0,1,1,0.0,14,0.0
181,199,0.0,3,0,1,1.0,21,0.0
182,188,19.0,24,1,1,0.0,7,0.0
777,582,22.0,29,1,0,0.0,13,0.0
257,281,17.0,11,1,1,0.0,8,0.0
109,104,22.0,20,1,0,0.0,13,0.0
127,142,0.0,6,1,1,0.0,13,0.0
611,412,139.0,12,1,1,0.0,13,0.0
136,365,0.0,19,1,1,0.0,14,0.0
264,265,34.0,4,1,1,0.0,10,0.0
447,387,12.0,31,1,1,0.0,12,0.0
225,256,0.0,1,1,1,0.0,10,0.0
278,672,25.0,21,1,1,0.0,15,0.0
152,221,0.0,117,1,0,0.0,11,0.0
616,718,0.0,35,1,1,0.0,12,0.0
357,369,65.0,6,1,1,0.0,11,0.0
38,158,0.0,1,0,1,0.0,14,0.0
199,197,74.0,6,1,0,0.0,10,0.0
452,385,49.0,172,1,0,0.0,6,0.0
265,312,93.0,53,1,1,0.0,9,0.0
485,510,115.0,24,1,1,0.0,13,0.0
247,236,1.0,12,1,1,0.0,12,0.0
696,769,30.0,11,1,0,3.0,16,0.0
342,286,35.0,18,1,1,0.0,13,0.0
189,272,0.0,8,1,1,0.0,12,0.0
487,788,44.0,43,1,1,0.0,8,0.0
68,75,0.0,17,1,0,0.0,15,0.0
354,363,10.0,40,1,0,0.0,11,0.0
334,499,34.0,30,1,1,0.0,12,0.0
304,321,32.0,23,1,1,0.0,11,0.0
226,248,42.0,19,1,0,0.0,6,0.0
265,319,21.0,58,1,1,0.0,11,0.0
527,498,40.0,42,1,1,1.0,11,0.0
327,524,0.0,24,1,1,0.0,13,0.0
173,195,4.0,0,1,1,0.0,14,0.0
254,907,0.0,34,1,1,0.0,13,0.0
233,280,0.0,23,1,0,0.0,7,0.0
210,220,0.0,1,1,1,0.0,10,0.0
651,722,51.0,136,1,1,0.0,12,0.0
237,249,0.0,36,1,1,0.0,11,0.0
204,445,118.0,92,1,1,0.0,8,0.0
268,388,0.0,3,1,1,0.0,8,0.0
293,438,46.0,45,1,1,0.0,6,0.0
345,332,19.0,167,1,1,0.0,14,0.0
1725,1466,135.0,245,1,1,0.0,17,0.0
311,351,0.0,63,1,0,0.0,11,0.0
224,308,23.0,59,1,1,0.0,16,0.0
245,395,0.0,10,1,1,0.0,8,0.0
582,828,0.0,43,1,1,0.0,16,0.0
447,572,83.0,120,1,1,0.0,15,0.0
165,205,6.0,0,1,0,0.0,8,0.0
187,207,9.0,16,1,1,0.0,9,0.0
334,234,0.0,16,1,1,0.0,12,0.0
613,555,27.0,121,1,1,0.0,11,0.0
278,265,0.0,155,1,0,0.0,9,0.0
277,175,0.0,65,1,0,0.0,9,0.0
107,260,0.0,0,1,1,0.0,13,0.0
735,665,44.0,19,1,1,0.0,11,0.0
242,299,39.0,23,1,1,0.0,11,0.0
209,216,19.0,14,1,1,0.0,13,0.0
253,303,0.0,7,1,1,0.0,9,0.0
305,322,4.0,49,1,0,0.0,13,0.0
105,167,0.0,0,1,1,0.0,7,0.0
371,357,78.0,19,1,1,0.0,12,0.0
378,422,21.0,31,1,1,0.0,12,0.0
384,219,51.0,11,1,1,0.0,12,0.0
848,959,0.0,225,1,0,0.0,8,0.0
143,233,0.0,1,1,1,0.0,13,0.0
334,870,0.0,28,1,1,0.0,13,0.0
590,801,43.0,76,1,0,2.0,13,0.0
274,403,30.0,122,1,1,0.0,10,0.0
179,347,0.0,25,1,0,2.0,5,0.0
116,187,0.0,0,1,1,0.0,12,0.0
235,186,30.0,9,1,1,0.0,16,0.0
222,248,0.0,40,1,1,0.0,13,0.0
290,289,0.0,76,1,1,0.0,9,0.0
349,427,13.0,14,1,1,4.0,12,0.0
224,234,13.0,7,1,1,0.0,10,0.0
550,502,19.0,108,1,1,0.0,13,0.0
118,92,0.0,3,1,1,0.0,8,0.0
320,457,14.0,1,1,0,0.0,8,0.0
684,592,11.0,49,1,1,0.0,11,0.0
477,474,0.0,0,0,1,0.0,9,0.0
268,348,43.0,21,1,0,0.0,11,0.0
303,418,115.0,92,1,1,0.0,13,0.0
185,486,7.0,0,1,1,0.0,9,0.0
347,407,66.0,11,1,1,0.0,17,0.0
340,806,0.0,18,1,0,0.0,13,0.0
350,385,0.0,63,1,1,0.0,8,0.0
391,314,3.0,17,1,0,0.0,12,0.0
404,454,9.0,26,1,1,0.0,11,0.0
679,666,115.0,54,1,1,0.0,7,0.0
236,338,21.0,23,1,1,0.0,11,0.0
898,624,150.0,141,1,1,0.0,15,0.0
489,473,8.0,86,1,0,4.0,9,0.0
379,386,0.0,31,1,0,0.0,11,0.0
316,317,110.0,101,1,1,0.0,7,0.0
473,614,5.0,99,1,0,0.0,13,0.0
146,163,69.0,63,1,1,0.0,9,0.0
256,338,36.0,39,1,1,0.0,10,0.0
1035,828,0.0,24,1,0,0.0,10,0.0
326,654,146.0,155,1,1,0.0,8,0.0
342,371,43.0,15,1,1,0.0,11,0.0
531,686,0.0,41,1,1,0.0,9,0.0
488,569,0.0,34,1,1,0.0,9,0.0
1218,351,35.0,15,1,0,0.0,10,0.0
403,388,0.0,23,1,1,0.0,11,0.0
393,372,25.0,7,1,0,0.0,9,0.0
505,382,9.0,4,1,1,0.0,11,0.0
181,186,0.0,8,1,1,0.0,11,0.0
319,319,46.0,138,1,1,0.0,11,0.0
561,737,0.0,66,1,1,0.0,9,0.0
283,355,0.0,140,1,1,0.0,8,0.0
384,469,42.0,71,1,1,0.0,11,0.0
446,496,0.0,62,1,1,0.0,7,0.0
208,310,9.0,440,1,1,0.0,10,0.0
1123,1162,130.0,428,1,1,0.0,12,0.0
283,442,6.0,36,1,1,0.0,8,0.0
682,762,11.0,114,1,1,0.0,7,0.0
460,459,41.0,23,1,1,0.0,12,0.0
461,440,25.0,115,1,1,0.0,10,0.0
725,733,35.0,91,1,1,0.0,13,0.0
132,345,0.0,33,1,1,0.0,6,0.0
424,499,50.0,38,1,1,0.0,7,0.0
321,306,18.0,102,1,1,0.0,9,0.0
584,653,34.0,88,1,1,0.0,9,0.0
589,601,58.0,58,1,1,0.0,13,0.0
620,623,0.0,161,1,1,0.0,9,0.0
1500,1446,103.0,132,1,1,0.0,14,0.0
213,235,42.0,32,1,1,1.0,13,0.0
376,437,116.0,33,1,1,0.0,9,0.0
150,256,98.0,28,1,1,0.0,15,0.0
351,381,35.0,25,1,0,0.0,10,0.0
414,440,14.0,71,1,0,0.0,9,0.0
473,397,35.0,28,1,1,0.0,16,0.0
521,860,0.0,262,1,1,0.0,7,0.0
230,358,0.0,26,1,0,0.0,10,0.0
350,426,30.0,24,1,1,0.0,12,0.0
376,636,19.0,60,1,1,0.0,7,0.0
475,528,0.0,29,1,1,0.0,7,0.0
288,276,22.0,13,1,1,0.0,12,0.0
515,571,0.0,4,1,0,0.0,11,0.0
470,627,61.0,7,1,1,0.0,8,0.0
367,416,41.0,111,1,1,0.0,7,0.0
252,265,41.0,4,1,1,0.0,9,0.0
269,268,0.0,23,1,1,0.0,8,0.0
312,453,33.0,47,1,1,0.0,9,0.0
370,387,21.0,22,1,1,0.0,7,0.0
609,543,23.0,58,1,1,0.0,9,0.0
330,433,63.0,35,1,0,0.0,15,0.0
649,630,35.0,67,1,0,0.0,9,0.0
529,589,33.0,67,1,1,0.0,13,0.0
348,359,0.0,21,1,1,0.0,10,0.0
576,680,135.0,187,1,1,0.0,11,0.0
387,382,43.0,69,1,1,0.0,8,0.0
120,84,25.0,48,1,1,0.0,13,0.0
290,517,2.0,16,1,1,0.0,10,0.0
522,641,88.0,171,1,0,0.0,7,0.0
639,677,17.0,125,1,1,0.0,9,0.0
554,561,0.0,325,1,1,0.0,12,0.0
230,436,0.0,36,1,1,0.0,14,0.0
545,494,22.0,22,1,1,0.0,15,0.0
252,509,0.0,28,1,1,0.0,11,0.0
420,1097,22.0,29,1,1,0.0,10,0.0
2939,595,140.0,43,1,0,0.0,13,0.0
456,545,82.0,48,1,1,0.0,10,0.0
326,784,6.0,27,1,1,0.0,12,0.0
241,293,22.0,16,1,1,0.0,10,0.0
349,420,0.0,61,1,1,0.0,12,0.0
367,524,0.0,47,1,1,0.0,11,0.0
462,682,0.0,94,1,1,0.0,10,0.0
202,201,0.0,21,1,1,0.0,9,0.0
95,90,0.0,4,1,1,2.0,14,0.0
346,318,18.0,0,1,0,0.0,12,0.0
603,1233,7.0,588,1,1,0.0,7,0.0
386,482,32.0,48,1,1,0.0,7,0.0
219,99,87.0,79,1,0,0.0,18,0.0
99,227,0.0,117,1,1,0.0,17,0.0
417,375,6.0,25,1,1,0.0,10,0.0
266,248,33.0,12,1,0,0.0,11,0.0
592,108,35.0,117,1,0,0.0,9,0.0
308,423,0.0,101,1,1,2.0,14,0.0
261,102,0.0,142,1,0,0.0,8,0.0
571,755,4.0,16,1,1,0.0,10,0.0
311,406,0.0,11,1,1,0.0,9,0.0
115,143,0.0,15,1,1,0.0,7,0.0
623,579,146.0,83,1,0,0.0,14,0.0
473,794,0.0,4,1,1,0.0,8,0.0
575,537,27.0,44,1,1,0.0,14,0.0
399,826,54.0,70,1,1,0.0,13,0.0
119,116,0.0,2,1,1,0.0,15,0.0
260,344,0.0,99,1,1,0.0,14,0.0
436,348,57.0,33,1,0,0.0,11,0.0
917,591,37.0,48,1,1,0.0,8,0.0
153,367,9.0,72,1,0,0.0,13,0.0
676,701,0.0,249,1,1,0.0,11,0.0
369,430,60.0,14,1,1,0.0,14,0.0
373,1477,90.0,25,1,0,0.0,14,0.0
429,449,0.0,1,1,0,4.0,9,0.0
234,196,146.0,66,1,1,2.0,8,0.0
481,452,93.0,163,1,0,0.0,10,0.0
337,296,7.0,65,1,0,0.0,13,0.0
208,571,0.0,11,1,0,0.0,8,0.0
873,4935,22.0,30,1,0,0.0,9,0.0
194,219,14.0,33,1,1,0.0,15,0.0
371,442,0.0,9,1,1,0.0,16,0.0
83,252,0.0,40,1,1,0.0,12,0.0
22,28,0.0,0,0,1,0.0,15,0.0
244,263,0.0,82,1,1,0.0,11,0.0
134,365,7.0,59,1,1,0.0,11,0.0
349,352,15.0,44,1,1,4.0,21,0.0
427,509,26.0,0,1,1,0.0,12,0.0
60,108,0.0,49,1,1,1.0,14,0.0
249,171,0.0,56,1,1,0.0,8,0.0
378,578,9.0,61,1,1,0.0,7,0.0
92,196,3.0,5,1,1,0.0,12,0.0
221,224,0.0,39,1,0,0.0,14,0.0
66,61,20.0,0,1,0,0.0,12,0.0
462,483,32.0,31,1,1,0.0,12,0.0
630,755,0.0,125,1,1,0.0,10,0.0
126,88,0.0,2,1,0,0.0,9,0.0
486,479,20.0,38,1,1,0.0,15,0.0
51,48,0.0,43,1,1,0.0,8,0.0
626,679,48.0,58,1,1,0.0,12,0.0
748,996,11.0,44,1,1,0.0,13,0.0
1058,614,23.0,52,1,0,0.0,12,0.0
633,661,19.0,31,1,1,0.0,10,0.0
207,201,131.0,75,1,1,2.0,12,0.0
200,257,20.0,3,1,1,0.0,11,0.0
216,268,40.0,10,1,1,1.0,10,0.0
911,343,76.0,411,1,0,0.0,7,0.0
199,209,107.0,49,1,1,0.0,10,0.0
658,604,8.0,27,1,1,0.0,7,0.0
409,504,32.0,3,1,1,0.0,20,0.0
158,209,0.0,5,1,1,0.0,7,0.0
872,772,0.0,174,1,0,0.0,11,0.0
203,250,53.0,131,1,1,0.0,8,0.0
93,51,0.0,1,1,1,0.0,10,0.0
66,84,0.0,1,1,1,0.0,10,0.0
422,377,18.0,17,1,0,0.0,13,0.0
106,115,0.0,8,1,1,0.0,8,0.0
238,100,10.0,100,1,1,0.0,11,0.0
325,523,0.0,84,1,1,0.0,17,0.0
278,458,42.0,85,1,1,0.0,14,0.0
1817,758,2.0,115,1,1,0.0,14,0.0
70,78,0.0,9,1,0,0.0,20,0.0
788,664,24.0,383,1,0,0.0,11,0.0
522,856,139.0,216,1,0,0.0,11,0.0
88,146,34.0,6,1,0,0.0,8,0.0
427,407,45.0,124,1,1,0.0,8,0.0
150,149,77.0,22,1,0,0.0,13,0.0
1099,584,0.0,124,1,1,0.0,11,0.0
504,465,0.0,74,1,1,2.0,11,0.0
83,119,39.0,5,1,1,0.0,12,0.0
715,598,66.0,210,1,0,0.0,7,0.0
226,261,0.0,20,1,1,0.0,13,0.0
393,463,0.0,165,1,1,0.0,8,0.0
261,299,119.0,8,1,0,0.0,10,0.0
421,424,15.0,124,1,1,0.0,6,0.0
114,115,24.0,21,1,1,0.0,6,0.0
200,224,71.0,17,1,1,0.0,12,0.0
260,349,0.0,26,1,0,0.0,12,0.0
227,342,49.0,128,1,1,0.0,9,0.0
481,531,16.0,9,1,1,0.0,12,0.0
272,918,0.0,1,1,0,0.0,7,0.0
438,339,32.0,12,1,1,0.0,13,0.0
772,669,22.0,79,1,0,0.0,8,0.0
217,198,3.0,0,1,1,0.0,17,0.0
654,679,33.0,24,1,0,0.0,8,0.0
336,598,0.0,223,1,1,0.0,8,0.0
210,367,0.0,114,1,1,0.0,8,0.0
269,127,148.0,146,1,1,0.0,13,0.0
239,324,106.0,29,1,1,0.0,10,0.0
365,627,12.0,107,1,0,0.0,7,0.0
218,316,16.0,438,1,1,0.0,10,0.0
323,373,40.0,10,1,1,0.0,14,0.0
249,234,19.0,17,1,1,0.0,9,0.0
245,423,0.0,74,1,1,0.0,10,0.0
508,723,33.0,154,1,1,0.0,11,0.0
304,298,32.0,1,1,1,4.0,17,0.0
3257,3511,136.0,113,1,0,0.0,8,0.0
420,417,43.0,6,1,1,0.0,11,0.0
209,257,10.0,52,1,1,0.0,12,0.0
1669,996,127.0,107,1,1,2.0,13,0.0
81,52,0.0,4,1,1,0.0,15,0.0
415,439,0.0,13,1,1,0.0,11,0.0
129,152,0.0,0,1,1,0.0,14,0.0
165,181,0.0,85,1,1,0.0,13,0.0
273,297,19.0,0,1,1,0.0,15,0.0
338,330,41.0,17,1,0,0.0,12,0.0
225,446,0.0,53,1,0,0.0,11,0.0
449,410,19.0,19,1,1,0.0,8,0.0
594,863,105.0,276,1,1,0.0,9,0.0
679,764,23.0,39,1,1,0.0,11,0.0
569,539,41.0,95,1,1,0.0,11,0.0
540,543,0.0,73,1,1,0.0,12,0.0
441,368,25.0,30,1,1,0.0,8,0.0
570,455,37.0,120,1,1,0.0,10,0.0
367,1114,16.0,69,1,0,0.0,8,0.0
634,648,59.0,21,1,0,0.0,9,0.0
687,539,18.0,78,1,0,0.0,9,0.0
160,169,9.0,8,1,1,0.0,10,0.0
566,464,32.0,65,1,1,0.0,9,0.0
113,148,0.0,9,1,1,0.0,10,0.0
670,547,52.0,68,1,1,0.0,12,0.0
501,465,18.0,4,1,1,0.0,10,0.0
369,396,0.0,5,1,1,0.0,12,0.0
363,355,41.0,17,1,1,0.0,11,0.0
218,255,0.0,2,1,1,0.0,9,0.0
446,489,29.0,46,1,1,0.0,10,0.0
404,392,25.0,23,1,1,0.0,14,0.0
426,486,60.0,110,1,0,0.0,12,0.0
207,201,131.0,75,1,1,2.0,12,0.0
200,229,17.0,4,1,1,2.0,10,0.0
606,722,44.0,56,1,1,0.0,9,0.0
191,280,9.0,4,1,1,0.0,15,0.0
414,440,14.0,71,1,0,0.0,9,0.0
698,705,0.0,32,1,1,0.0,7,0.0
510,669,33.0,31,1,1,0.0,11,0.0
233,242,43.0,9,1,1,0.0,14,0.0
361,358,18.0,75,1,0,0.0,9,0.0
200,204,0.0,60,1,1,2.0,16,0.0
222,185,0.0,22,1,1,0.0,6,0.0
148,196,0.0,7,1,1,0.0,12,0.0
274,309,0.0,2,1,1,0.0,12,0.0
209,240,0.0,0,1,0,0.0,6,0.0
301,477,20.0,6,1,1,0.0,12,0.0
116,162,39.0,11,1,1,0.0,11,0.0
207,196,0.0,7,1,1,0.0,11,0.0
199,272,18.0,36,1,1,0.0,8,0.0
289,451,0.0,76,1,1,0.0,13,0.0
513,520,49.0,37,1,0,0.0,10,0.0
105,174,0.0,0,1,1,0.0,11,0.0
695,635,25.0,21,1,0,0.0,9,0.0
540,604,0.0,16,1,1,0.0,16,0.0
337,482,0.0,7,1,1,0.0,14,0.0
625,703,48.0,34,1,1,0.0,8,0.0
175,313,11.0,4,1,0,0.0,7,0.0
358,315,26.0,33,1,1,0.0,6,0.0
616,564,37.0,26,1,0,0.0,10,0.0
600,719,50.0,181,1,1,0.0,12,0.0
236,226,12.0,12,1,1,0.0,7,0.0
325,335,0.0,50,1,1,0.0,14,0.0
384,410,0.0,48,1,1,1.0,13,0.0
256,308,8.0,6,1,1,0.0,17,0.0
113,112,0.0,14,1,1,0.0,10,0.0
81,142,0.0,8,1,1,2.0,7,0.0
380,500,38.0,19,1,1,0.0,9,0.0
270,493,0.0,0,1,0,0.0,13,0.0
427,981,20.0,95,1,1,2.0,13,0.0
386,482,32.0,48,1,1,0.0,7,0.0
65,67,79.0,116,1,0,0.0,8,0.0
315,363,26.0,0,1,0,0.0,8,0.0
69,100,0.0,5,1,1,0.0,9,0.0
339,476,56.0,33,1,1,0.0,8,0.0
156,199,42.0,2,1,0,0.0,11,0.0
288,304,45.0,5,1,1,0.0,11,0.0
101,109,0.0,2,1,1,3.0,17,0.0
358,336,0.0,9,1,0,0.0,13,0.0
467,519,13.0,16,1,1,0.0,17,0.0
318,306,51.0,13,1,0,0.0,11,0.0
352,575,6.0,88,1,1,0.0,13,0.0
256,344,34.0,53,1,1,0.0,12,0.0
228,320,17.0,20,1,1,0.0,11,0.0
257,252,0.0,25,1,0,0.0,12,0.0
240,492,78.0,12,1,1,0.0,13,0.0
203,256,0.0,1,1,1,0.0,7,0.0
79,80,7.0,2,1,1,0.0,11,0.0
431,463,21.0,42,1,1,0.0,10,0.0
217,266,11.0,13,1,1,0.0,13,0.0
423,523,0.0,114,1,1,0.0,11,0.0
142,224,0.0,8,1,0,0.0,7,0.0
432,410,25.0,26,1,1,0.0,10,0.0
310,357,23.0,44,1,1,0.0,10,0.0
333,358,35.0,23,1,1,0.0,18,0.0
202,201,0.0,21,1,1,0.0,9,0.0
421,565,30.0,44,1,1,0.0,6,0.0
449,481,34.0,45,1,1,2.0,10,0.0
318,318,8.0,9,1,1,0.0,10,0.0
371,370,29.0,10,1,1,0.0,14,0.0
262,265,19.0,22,1,1,0.0,11,0.0
588,497,0.0,13,1,1,0.0,12,0.0
636,632,16.0,111,1,0,0.0,5,0.0
266,257,44.0,105,1,1,0.0,11,0.0
204,126,0.0,393,1,0,0.0,14,0.0
514,573,19.0,216,1,0,2.0,15,0.0
450,708,52.0,58,1,1,0.0,10,0.0
406,478,0.0,76,1,1,0.0,12,0.0
397,371,0.0,298,1,1,0.0,6,0.0
1078,179,0.0,131,1,0,2.0,15,0.0
523,396,30.0,52,1,1,0.0,11,0.0
255,246,0.0,12,1,1,0.0,12,0.0
87,95,24.0,11,1,1,0.0,17,0.0
133,135,20.0,4,1,1,0.0,10,0.0
197,267,13.0,8,1,1,0.0,12,0.0
709,692,0.0,76,1,1,0.0,17,0.0
296,291,0.0,26,1,1,0.0,14,0.0
198,198,17.0,35,1,0,0.0,12,0.0
619,793,98.0,272,1,1,0.0,7,0.0
174,172,0.0,1,1,1,0.0,10,0.0
190,184,0.0,2,1,1,0.0,11,0.0
198,233,0.0,28,1,1,0.0,15,0.0
324,323,0.0,114,1,1,0.0,10,0.0
251,257,0.0,24,1,1,0.0,15,0.0
218,255,0.0,2,1,1,0.0,9,0.0
224,287,0.0,51,1,1,0.0,13,0.0
293,259,0.0,36,1,1,0.0,13,0.0
155,359,73.0,71,1,1,0.0,8,0.0
204,263,49.0,24,1,0,0.0,9,0.0
512,365,67.0,12,1,1,2.0,12,0.0
257,291,139.0,19,1,1,2.0,10,0.0
213,245,0.0,31,1,1,0.0,12,0.0
369,396,0.0,5,1,1,0.0,12,0.0
309,323,0.0,96,1,1,0.0,11,0.0
472,534,0.0,27,1,1,0.0,7,0.0
202,340,0.0,28,1,1,0.0,11,0.0
272,240,0.0,147,1,0,0.0,13,0.0
303,341,20.0,12,1,1,0.0,13,0.0
189,190,0.0,9,1,1,0.0,6,0.0
455,449,18.0,32,1,1,0.0,12,0.0
634,618,17.0,25,1,1,0.0,7,0.0
541,516,134.0,84,1,0,0.0,8,0.0
450,473,64.0,152,1,1,0.0,15,0.0
143,237,0.0,3,1,0,0.0,12,0.0
467,681,1.0,149,1,1,0.0,10,0.0
1050,820,43.0,332,1,0,0.0,10,0.0
194,278,0.0,3,1,1,1.0,11,0.0
55,31,0.0,1,1,0,0.0,8,0.0
462,682,0.0,94,1,1,0.0,10,0.0
455,603,0.0,79,1,1,0.0,11,0.0
246,267,0.0,55,1,1,0.0,15,0.0
116,214,0.0,5,1,1,0.0,11,0.0
97,156,0.0,24,1,1,0.0,9,0.0
1507,1198,35.0,175,1,1,0.0,13,0.0
196,270,0.0,199,1,0,0.0,15,0.0
304,450,0.0,271,1,1,0.0,8,0.0
488,546,14.0,25,1,1,0.0,9,0.0
464,684,39.0,102,1,1,0.0,10,0.0
894,874,1.0,414,1,1,2.0,11,0.0
871,841,78.0,161,1,0,0.0,12,0.0
281,560,32.0,396,1,1,0.0,10,0.0
1170,1355,0.0,491,1,1,0.0,14,0.0
474,935,72.0,273,1,1,0.0,8,0.0
489,570,40.0,367,1,1,0.0,11,0.0
604,674,0.0,65,1,1,0.0,11,0.0
964,861,29.0,9,1,1,0.0,8,0.0
359,386,0.0,397,1,1,0.0,15,0.0
523,782,9.0,471,1,1,0.0,5,0.0
615,1187,1.0,984,1,1,0.0,13,0.0
894,720,41.0,80,1,0,0.0,11,0.0
420,457,21.0,127,1,0,0.0,10,0.0
495,491,40.0,12,1,1,2.0,11,0.0
557,703,0.0,60,1,0,0.0,11,0.0
403,449,8.0,204,1,1,0.0,12,0.0
450,579,103.0,67,1,1,0.0,9,0.0
242,273,0.0,206,1,1,0.0,13,0.0
381,1319,144.0,102,1,1,0.0,11,0.0
736,662,0.0,312,1,0,0.0,7,0.0
625,977,13.0,7,1,1,0.0,11,0.0
372,362,36.0,13,1,1,0.0,7,0.0
550,555,133.0,234,1,1,0.0,16,0.0
150,184,0.0,79,1,0,0.0,6,0.0
407,464,70.0,579,1,1,0.0,7,0.0
1017,1201,0.0,263,1,0,0.0,14,0.0
148,426,0.0,22,1,1,0.0,8,0.0
1209,1093,38.0,289,1,0,0.0,8,0.0
382,691,0.0,300,1,1,0.0,6,0.0
520,604,15.0,732,1,0,0.0,9,0.0
1002,1089,0.0,582,1,1,0.0,10,0.0
305,386,24.0,166,1,1,0.0,9,0.0
619,937,0.0,16,1,1,0.0,10,0.0
619,750,24.0,38,1,1,0.0,9,0.0
719,607,45.0,69,1,1,0.0,11,0.0
108,125,1.0,16,1,1,0.0,13,0.0
343,388,0.0,67,1,1,0.0,5,0.0
323,405,0.0,69,1,1,0.0,10,0.0
1020,1048,101.0,126,1,0,0.0,8,0.0
982,979,0.0,266,1,0,0.0,13,0.0
416,460,0.0,104,1,1,0.0,10,0.0
511,916,0.0,134,1,1,0.0,12,0.0
511,563,32.0,16,1,0,0.0,15,0.0
403,490,0.0,38,1,1,0.0,12,0.0
319,429,0.0,68,1,1,0.0,7,0.0
213,406,0.0,169,1,1,0.0,6,0.0
199,228,0.0,12,1,1,0.0,8,0.0
211,255,23.0,27,1,1,4.0,10,0.0
214,208,0.0,9,1,1,0.0,12,0.0
875,878,4.0,15,1,1,0.0,13,0.0
907,927,64.0,36,1,1,0.0,14,0.0
299,540,0.0,112,1,1,0.0,12,0.0
625,921,0.0,91,1,1,0.0,7,0.0
238,410,11.0,44,1,1,0.0,10,0.0
167,294,0.0,37,1,1,0.0,14,0.0
509,690,0.0,15,1,1,0.0,10,0.0
210,238,0.0,1,1,0,0.0,10,0.0
366,377,8.0,373,1,1,0.0,9,0.0
475,551,0.0,93,1,1,0.0,11,0.0
330,272,14.0,103,1,1,0.0,10,0.0
362,373,0.0,19,1,0,0.0,10,0.0
248,289,22.0,21,1,1,0.0,10,0.0
379,531,27.0,52,1,1,0.0,11,0.0
431,688,0.0,15,1,1,0.0,9,0.0
609,719,89.0,37,1,0,0.0,11,0.0
548,480,0.0,98,1,1,0.0,7,0.0
428,413,16.0,314,1,1,0.0,12,0.0
361,1066,0.0,308,1,1,0.0,12,0.0
775,691,25.0,26,1,1,0.0,6,0.0
543,1020,41.0,179,1,1,0.0,14,0.0
383,419,4.0,5,1,1,0.0,11,0.0
103,143,0.0,20,1,1,1.0,11,0.0
367,361,0.0,98,1,1,0.0,9,0.0
321,295,18.0,99,1,1,0.0,11,0.0
146,134,31.0,36,1,1,0.0,10,0.0
219,337,0.0,0,1,1,1.0,7,0.0
302,362,1.0,54,1,1,0.0,13,0.0
379,484,0.0,130,1,1,0.0,10,0.0
468,504,0.0,26,1,1,0.0,9,0.0
645,694,0.0,69,1,1,0.0,12,0.0
251,321,48.0,42,1,1,0.0,12,0.0
276,352,0.0,69,1,1,0.0,8,0.0
302,307,7.0,80,1,1,0.0,15,0.0
357,593,0.0,20,1,1,0.0,9,0.0
251,292,0.0,3,1,1,0.0,9,0.0
824,962,23.0,5,1,0,0.0,14,0.0
549,545,0.0,100,1,1,0.0,11,0.0
552,639,1.0,184,1,1,0.0,10,0.0
409,407,25.0,164,1,1,0.0,12,0.0
362,332,0.0,38,1,0,0.0,14,0.0
374,449,0.0,26,1,1,0.0,12,0.0
601,509,33.0,223,1,1,0.0,10,0.0
723,649,18.0,62,1,0,0.0,8,0.0
473,531,24.0,19,1,1,0.0,10,0.0
536,669,21.0,30,1,1,2.0,8,0.0
404,458,0.0,240,1,1,0.0,10,0.0
516,764,0.0,217,1,1,0.0,10,0.0
406,392,0.0,142,1,0,0.0,6,0.0
400,835,0.0,44,1,1,0.0,9,0.0
1933,995,0.0,107,1,1,0.0,11,0.0
500,667,0.0,150,1,1,0.0,11,0.0
447,749,0.0,185,1,1,0.0,14,0.0
439,910,1.0,517,1,1,0.0,10,0.0
1054,1538,25.0,445,1,0,0.0,6,0.0
208,571,0.0,11,1,0,0.0,8,0.0
349,806,125.0,66,1,1,0.0,10,0.0
427,594,7.0,37,1,1,0.0,9,0.0
323,505,0.0,0,1,1,1.0,13,0.0
341,440,51.0,9,1,1,0.0,14,0.0
104,120,0.0,12,1,1,0.0,9,0.0
272,302,31.0,1,1,1,0.0,7,0.0
170,181,18.0,15,1,1,0.0,14,0.0
381,515,43.0,67,1,1,0.0,12,0.0
196,224,0.0,0,1,0,0.0,10,0.0
141,96,91.0,9,1,0,0.0,9,0.0
273,392,0.0,5,1,1,0.0,11,0.0
1221,999,0.0,30,1,1,0.0,13,0.0
402,478,56.0,22,1,1,0.0,14,0.0
260,390,0.0,37,1,1,0.0,11,0.0
180,224,0.0,3,1,1,2.0,8,0.0
137,1096,0.0,5,1,0,0.0,12,0.0
43,48,0.0,13,1,1,4.0,10,0.0
404,408,27.0,102,1,1,0.0,7,0.0
719,1107,0.0,227,1,1,0.0,13,0.0
771,1743,96.0,118,1,1,0.0,15,0.0
271,771,30.0,81,1,1,0.0,9,0.0
124,115,0.0,143,1,0,0.0,6,0.0
102,264,0.0,11,1,1,0.0,12,0.0
109,154,0.0,0,1,1,0.0,14,0.0
422,466,25.0,27,1,1,0.0,12,0.0
544,371,24.0,5,1,1,2.0,9,0.0
284,315,0.0,23,1,1,0.0,7,0.0
1083,1066,46.0,469,1,0,0.0,9,0.0
647,454,0.0,6,1,1,0.0,6,0.0
172,141,0.0,62,1,0,0.0,9,0.0
255,308,0.0,80,1,1,0.0,11,0.0
718,917,84.0,86,1,1,2.0,12,0.0
120,135,14.0,46,1,0,0.0,13,0.0
531,480,0.0,13,1,0,0.0,12,0.0
136,162,103.0,2,1,1,2.0,8,0.0
661,628,63.0,29,1,1,0.0,8,0.0
70,90,0.0,0,1,1,4.0,9,0.0
1562,1213,0.0,98,1,1,0.0,14,0.0
1483,1498,28.0,770,1,1,0.0,11,0.0
1087,922,133.0,284,1,0,0.0,10,0.0
911,561,29.0,211,1,0,0.0,13,0.0
1257,857,14.0,228,1,0,0.0,11,0.0
433,490,0.0,12,1,1,0.0,11,0.0
267,319,19.0,15,1,1,0.0,16,0.0
163,109,0.0,36,1,1,2.0,12,0.0
196,207,0.0,27,1,1,0.0,7,0.0
260,296,10.0,2,1,0,0.0,7,0.0
192,145,0.0,37,1,1,0.0,10,0.0
187,191,24.0,45,1,0,0.0,15,0.0
579,504,27.0,35,1,1,0.0,11,0.0
442,719,0.0,96,1,0,2.0,7,0.0
5,4,0.0,0,1,0,2.0,13,0.0
309,827,0.0,203,1,1,0.0,9,0.0
189,332,0.0,5,1,1,0.0,16,0.0
522,493,0.0,43,1,1,0.0,11,0.0
43,30,0.0,15,1,1,2.0,6,0.0
59,89,0.0,0,1,0,2.0,12,0.0
168,10,0.0,0,1,0,0.0,5,0.0
213,274,0.0,1,1,1,0.0,13,0.0
56,153,28.0,36,1,1,3.0,13,0.0
294,307,0.0,22,1,1,2.0,11,0.0
290,656,0.0,50,1,1,0.0,11,0.0
488,1071,0.0,53,1,1,0.0,7,0.0
384,455,0.0,31,1,0,2.0,6,0.0
390,520,38.0,78,1,1,0.0,10,0.0
1342,712,24.0,112,1,0,0.0,12,0.0
486,651,18.0,227,1,1,0.0,7,0.0
94,123,0.0,0,0,1,0.0,12,0.0
603,496,57.0,100,1,1,0.0,13,0.0
445,449,0.0,60,1,0,0.0,16,0.0
260,161,0.0,2,1,1,0.0,10,0.0
484,412,13.0,59,1,1,0.0,8,0.0
461,700,0.0,475,1,1,0.0,7,0.0
248,197,71.0,27,1,1,0.0,11,0.0
296,495,0.0,49,1,1,0.0,12,0.0
200,304,0.0,82,1,1,0.0,8,0.0
511,873,1.0,502,1,1,0.0,11,0.0
728,307,0.0,50,1,0,0.0,5,0.0
969,944,124.0,118,1,0,0.0,12,0.0
225,307,0.0,74,1,1,0.0,8,0.0
237,492,0.0,21,1,1,4.0,10,0.0
115,160,54.0,61,1,1,0.0,9,0.0
5,13,0.0,1,1,1,4.0,16,0.0
284,289,8.0,31,1,1,0.0,10,0.0
207,225,24.0,6,1,1,0.0,10,0.0
106,147,0.0,1,1,1,0.0,11,0.0
220,367,0.0,10,1,1,0.0,12,0.0
39,43,11.0,0,1,1,4.0,10,0.0
311,412,0.0,3,0,1,0.0,13,0.0
372,374,0.0,46,1,1,0.0,14,0.0
42,8,0.0,1,1,0,0.0,15,0.0
368,459,30.0,65,1,1,0.0,7,0.0
566,585,0.0,13,1,1,0.0,7,0.0
615,830,42.0,108,1,1,0.0,15,0.0
174,26,52.0,12,1,1,0.0,11,0.0
847,958,0.0,209,1,1,0.0,14,0.0
1121,1118,150.0,615,1,1,0.0,10,0.0
245,208,4.0,2,1,1,2.0,12,0.0
374,445,0.0,104,1,1,0.0,7,0.0
505,498,0.0,64,1,0,0.0,9,0.0
341,1049,33.0,176,1,1,0.0,8,0.0
433,543,1.0,288,1,1,0.0,12,0.0
499,758,0.0,23,1,1,2.0,13,0.0
310,349,0.0,25,1,1,0.0,14,0.0
330,422,40.0,799,1,1,0.0,11,0.0
527,659,24.0,109,1,0,0.0,10,0.0
79,90,0.0,0,1,1,0.0,7,0.0
456,653,1.0,170,1,1,0.0,9,0.0
319,378,48.0,41,1,1,0.0,13,0.0
169,39,0.0,4,1,0,0.0,11,0.0
403,470,23.0,47,1,1,0.0,10,0.0
550,485,31.0,84,1,1,0.0,11,0.0
972,732,5.0,113,1,1,0.0,13,0.0
161,168,0.0,59,1,1,0.0,8,0.0
584,669,42.0,31,1,0,0.0,10,0.0
433,453,0.0,52,1,1,0.0,10,0.0
512,522,56.0,88,1,1,0.0,10,0.0
547,790,0.0,17,1,0,0.0,8,0.0
402,343,98.0,1058,1,1,0.0,10,0.0
1801,1029,0.0,123,1,0,0.0,8,0.0
322,365,50.0,122,1,1,0.0,6,0.0
1031,719,12.0,99,1,0,0.0,13,0.0
846,743,22.0,38,1,0,0.0,12,0.0
460,380,5.0,67,1,1,0.0,12,0.0
412,414,12.0,15,1,1,1.0,12,0.0
354,455,0.0,19,1,1,0.0,12,0.0
508,504,9.0,74,1,1,0.0,5,0.0
409,927,6.0,32,1,1,0.0,7,0.0
228,806,13.0,0,1,1,0.0,13,0.0
174,172,0.0,1,1,1,0.0,10,0.0
769,1115,25.0,92,1,0,0.0,10,0.0
559,674,0.0,13,1,1,0.0,14,0.0
382,346,23.0,38,1,1,0.0,7,0.0
338,334,19.0,30,1,1,0.0,13,0.0
345,362,0.0,56,1,1,0.0,11,0.0
419,411,33.0,38,1,1,0.0,13,0.0
476,462,9.0,75,1,1,0.0,13,0.0
348,338,15.0,15,1,1,0.0,6,0.0
582,623,0.0,36,1,1,0.0,14,0.0
479,547,59.0,80,1,1,0.0,10,0.0
352,333,14.0,38,1,1,0.0,11,0.0
581,544,6.0,58,1,1,0.0,11,0.0
560,500,39.0,49,1,1,0.0,9,0.0
525,1017,10.0,41,1,1,0.0,13,0.0
452,481,0.0,82,1,1,0.0,6,0.0
713,636,3.0,118,1,1,0.0,13,0.0
270,280,34.0,52,1,1,0.0,11,0.0
423,424,40.0,169,1,1,0.0,12,0.0
630,641,1.0,93,1,1,0.0,17,0.0
893,902,30.0,87,1,1,0.0,14,0.0
499,617,14.0,56,1,1,0.0,12,0.0
440,540,16.0,48,1,1,0.0,6,0.0
300,442,0.0,36,1,1,0.0,12,0.0
294,386,8.0,15,1,1,2.0,14,0.0
428,385,50.0,18,1,1,0.0,14,0.0
480,481,0.0,72,1,1,0.0,11,0.0
726,582,0.0,17,1,0,0.0,16,0.0
924,832,26.0,596,1,1,0.0,9,0.0
631,645,22.0,56,1,1,0.0,8,0.0
254,352,22.0,94,1,1,0.0,15,0.0
406,478,0.0,76,1,1,0.0,12,0.0
842,797,0.0,99,1,1,0.0,13,0.0
647,542,21.0,36,1,1,0.0,14,0.0
513,442,0.0,50,1,1,0.0,14,0.0
338,367,2.0,37,1,1,0.0,13,0.0
619,793,98.0,272,1,1,0.0,7,0.0
938,1194,66.0,27,1,1,0.0,14,0.0
293,235,0.0,103,1,1,0.0,12,0.0
564,538,0.0,71,1,1,0.0,13,0.0
727,729,0.0,31,1,1,0.0,11,0.0
314,187,102.0,200,1,0,0.0,11,0.0
651,643,39.0,171,1,1,0.0,15,0.0
507,582,34.0,99,1,1,0.0,11,0.0
632,664,14.0,31,1,1,0.0,10,0.0
521,491,10.0,69,1,1,0.0,14,0.0
468,456,41.0,12,1,1,0.0,6,0.0
530,597,53.0,71,1,1,0.0,8,0.0
339,331,48.0,4,1,1,0.0,12,0.0
377,387,0.0,33,1,1,0.0,13,0.0
414,496,0.0,60,1,1,0.0,10,0.0
427,548,72.0,54,1,1,0.0,11,0.0
536,447,33.0,79,1,1,0.0,9,0.0
481,555,8.0,29,1,1,0.0,11,0.0
492,724,0.0,71,1,1,0.0,14,0.0
257,291,139.0,19,1,1,2.0,10,0.0
582,658,0.0,80,1,1,0.0,11,0.0
347,381,6.0,66,1,1,0.0,9,0.0
298,298,22.0,25,1,1,0.0,12,0.0
322,411,23.0,12,1,1,0.0,11,0.0
183,189,6.0,11,1,1,0.0,5,0.0
324,323,0.0,114,1,1,0.0,10,0.0
176,256,0.0,1,1,1,0.0,12,0.0
2572,693,3.0,8,1,0,0.0,11,0.0
3087,526,132.0,32,1,0,0.0,22,0.0
4492,2210,130.0,184,1,0,0.0,15,0.0
2082,2197,94.0,875,1,0,0.0,7,0.0
1011,262,100.0,132,1,0,0.0,17,0.0
37,413,49.0,5,1,0,0.0,9,0.0
521,2397,118.0,9,1,0,2.0,17,0.0
16,57,26.0,4,1,1,2.0,14,0.0
222,440,105.0,5,1,0,3.0,14,0.0
44,3787,0.0,1,0,0,0.0,13,0.0
2253,5022,0.0,172,1,0,7.0,15,0.0
444,604,111.0,3,1,0,4.0,16,0.0
360,2288,0.0,228,1,0,0.0,12,0.0
142,289,0.0,7,1,0,0.0,12,0.0
114,248,0.0,49,1,0,0.0,14,0.0
340,536,0.0,4,1,0,4.0,15,0.0
280,691,7.0,8,1,0,0.0,16,0.0
93,139,0.0,3,1,0,0.0,12,0.0
58,170,12.0,20,1,0,0.0,9,0.0
247,963,78.0,30,1,0,0.0,10,0.0
281,1342,60.0,327,1,0,5.0,9,0.0
1173,1431,15.0,3,1,0,0.0,10,0.0
158,303,51.0,2,1,0,2.0,11,0.0
70,808,0.0,6,1,0,1.0,9,0.0
1266,678,50.0,1,1,0,0.0,13,0.0
197,131,3.0,1,0,0,0.0,12,0.0
498,148,12.0,2,1,0,4.0,12,0.0
1705,578,25.0,6,1,0,2.0,14,0.0
449,1151,0.0,84,0,1,0.0,9,0.0
1022,5252,140.0,2,1,0,3.0,10,0.0
1,15,0.0,0,1,1,0.0,10,0.0
611,514,94.0,36,1,0,0.0,12,0.0
23,140,57.0,0,1,0,0.0,10,0.0
804,2553,0.0,25,1,0,5.0,18,0.0
291,84,68.0,5,1,0,1.0,11,0.0
77,42,16.0,5,1,0,0.0,16,0.0
433,409,31.0,3,1,0,0.0,12,0.0
199,61,73.0,1,1,0,0.0,12,0.0
322,257,0.0,3,1,0,0.0,12,0.0
183,155,0.0,1,1,0,0.0,10,0.0
152,966,0.0,6,1,0,0.0,9,0.0
149,822,83.0,6,1,0,0.0,13,0.0
247,316,108.0,3,1,0,0.0,9,0.0
694,3255,84.0,8,1,0,2.0,15,0.0
287,1459,10.0,8,1,0,4.0,13,0.0
801,4536,82.0,9,1,0,3.0,15,0.0
21,586,54.0,3,1,0,0.0,12,0.0
12,202,135.0,2,1,0,0.0,12,0.0
125,691,15.0,3,1,0,3.0,14,0.0
25,765,70.0,2,1,0,0.0,16,0.0
116,1265,75.0,3,1,0,0.0,18,0.0
140,288,0.0,5,1,0,0.0,13,0.0
47,61,57.0,7,1,0,0.0,15,0.0
89,112,0.0,3,1,1,2.0,12,0.0
12,28,0.0,1,1,1,4.0,14,0.0
338,435,0.0,7,1,1,0.0,10,0.0
875,1027,24.0,2,1,0,0.0,17,0.0
359,586,48.0,8,1,1,0.0,12,0.0
353,733,32.0,5,1,1,0.0,7,0.0
49,326,0.0,7,1,0,0.0,14,0.0
47,124,0.0,3,1,1,0.0,13,0.0
40,118,3.0,4,0,0,0.0,13,0.0
282,377,37.0,9,1,1,0.0,12,0.0
160,304,0.0,5,1,1,0.0,10,0.0
605,525,54.0,6,1,0,0.0,9,0.0
816,646,130.0,9,1,0,1.0,15,0.0
288,365,8.0,4,1,1,0.0,14,0.0
239,416,27.0,8,1,1,0.0,14,0.0
153,253,0.0,8,1,1,0.0,12,0.0
21,63,0.0,1,1,0,4.0,14,0.0
41,93,0.0,1,1,1,0.0,9,0.0
32,48,0.0,4,1,0,0.0,17,0.0
13,73,56.0,8,1,1,0.0,12,0.0
30,347,149.0,1,1,0,2.0,9,0.0
443,1821,0.0,8,1,0,0.0,14,0.0
517,1693,67.0,6,1,0,4.0,12,0.0
144,651,0.0,8,1,1,0.0,11,0.0
98,937,0.0,8,1,0,0.0,15,0.0
177,237,0.0,9,1,1,2.0,12,0.0
295,378,27.0,1,1,1,1.0,13,0.0
156,165,0.0,8,1,0,0.0,16,0.0
5,46,105.0,7,1,0,0.0,15,0.0
207,258,0.0,4,1,0,2.0,12,0.0
316,496,105.0,5,1,0,0.0,16,0.0
22,46,0.0,1,1,1,0.0,13,0.0
70,160,0.0,4,1,1,0.0,5,0.0
146,203,7.0,4,1,1,0.0,6,0.0
261,488,0.0,3,1,1,0.0,11,0.0
342,465,6.0,3,1,1,0.0,7,0.0
183,401,0.0,9,1,1,0.0,20,0.0
250,796,97.0,9,1,0,0.0,20,0.0
96,134,3.0,9,1,1,0.0,20,0.0
145,327,139.0,6,1,0,0.0,14,0.0
146,166,0.0,4,1,1,4.0,10,0.0
44,361,0.0,2,0,0,0.0,15,0.0
792,3126,113.0,6,1,0,0.0,20,0.0
312,2275,110.0,5,1,0,0.0,12,0.0
283,477,0.0,5,1,1,2.0,8,0.0
1002,4209,0.0,9,1,0,2.0,16,0.0
234,658,93.0,2,1,0,0.0,14,0.0
160,177,0.0,2,1,0,0.0,12,0.0
207,553,0.0,9,1,0,2.0,11,0.0
46,22,21.0,4,1,0,0.0,18,0.0
154,147,22.0,5,1,0,0.0,14,0.0
60,58,47.0,6,1,0,0.0,13,0.0
149,123,0.0,1,1,0,0.0,15,0.0
188,504,0.0,3,1,1,0.0,9,0.0
401,2117,0.0,3,1,0,1.0,10,0.0
239,1134,145.0,9,1,0,0.0,19,0.0
91,149,0.0,7,1,0,0.0,18,0.0
78,783,28.0,1,1,0,0.0,11,0.0
135,517,44.0,4,1,0,4.0,11,0.0
203,823,71.0,4,1,0,0.0,12,0.0
